seed,scenario_count,pv_penetration,forecast_error,duration_h,placement_index,energy_kwh,power_kw,pv_kw,expected_cost,active_losses,voltage_deviation,transformer_peak,degradation,constraint_violation,feasible,sweep
9000,50,0.0,0.0,2.0,7,11.122178086303848,305.47100876344126,287.1661923959613,43.113680200382866,1.670202845892221,0.04833321456329005,111.36957410577567,0.03576476095701348,0.0002573756206334099,False,pv_penetration
9000,50,0.0,0.0,2.0,7,742.0375350028595,296.0649836995112,211.82775696767956,44.7492906483031,1.6706502652390554,0.04821204428062319,92.1682094280681,0.0005793223011732817,0.00041592129104503495,False,pv_penetration
9000,50,0.0,0.0,2.0,7,752.3153516712125,296.0649836995112,211.82775696767956,44.7492906483031,1.6706502652390554,0.04821204428062319,92.1682094280681,0.0005301266906126661,0.00041592129104503495,False,pv_penetration
9000,50,0.0,0.0,2.0,8,4.7877834841933975,115.23598018859435,285.9229607649805,45.3811799703208,1.9840872372026968,0.05168964857293627,98.05625334031483,0.03919259286482455,0.0007335973954053915,False,pv_penetration
9025,50,0.25,0.0,2.0,7,504.54483913501997,238.53592650217573,184.13832484782432,40.889054392780544,1.6693245249710138,0.04784709118205497,109.67186300090546,0.0006048409916197844,5.293796322304589e-05,False,pv_penetration
9025,50,0.25,0.0,2.0,7,509.2083472110493,238.53592650217573,13.085557886501036,42.540396075526466,1.6696910856751188,0.0483259766312205,118.94180953267951,0.0005676206224010367,5.789804151871969e-05,False,pv_penetration
9025,50,0.25,0.0,2.0,7,265.6315046696991,229.13790743238766,184.13832484782432,40.969944094090515,1.6693589619401896,0.047839124920972094,108.5472830010292,0.0011403057409915263,6.691795390983968e-05,False,pv_penetration
9025,50,0.25,0.0,2.0,4,256.91817513039126,41.805253566686986,10.4369006276536,45.316360969090816,1.8374873519630022,0.05030672772338242,95.69296926955018,0.00019992653071257147,0.0004159212910449378,False,pv_penetration
9050,50,0.5,0.0,2.0,4,321.9498722812506,47.4479168141352,55.693404773903886,48.143330014869655,2.119478293344669,0.05233142524925698,101.40080178812258,0.00015029887768683683,0.00041592129104497944,False,pv_penetration
9050,50,0.5,0.0,2.0,4,321.9498722812506,43.39082985696221,55.693404773903886,48.558416088143616,2.2333247931370153,0.05285638762744064,103.43204746019316,0.00013569294137569693,0.0005400421974593589,False,pv_penetration
9050,50,0.5,0.0,2.0,4,321.9498722812506,43.39082985696221,52.25536035915289,49.81171698402971,2.407602272162186,0.0545979445818959,105.675483927351,0.00013659186309219803,0.0005400421976042569,False,pv_penetration
9050,50,0.5,0.0,2.0,4,347.24119112504974,333.41972328479505,514.6263646861856,65.25427655672964,8.43549139057506,0.07232784268718279,155.38037207764808,0.0009714407841343563,0.01628674024179319,False,pv_penetration
9075,50,0.75,0.0,2.0,6,42.52037634951898,156.18878648152727,184.43945138912608,50.21351556915162,2.7503603175191214,0.04978899393064476,170.86246620879356,0.005501601387604238,0.0004159212910450766,False,pv_penetration
9075,50,0.75,0.0,2.0,6,727.1914458341072,156.18878648152727,184.43945138912608,61.11196799252456,4.367045962186863,0.05149652211079203,244.62926472672976,0.0002681857181818736,0.0016010776724006553,False,pv_penetration
9075,50,0.75,0.0,2.0,6,727.1914458341072,156.40941726408505,184.43945138912608,61.04447951389997,4.339029553254782,0.051449695178192575,241.73685711617196,0.00029307710660327936,0.0017200357888366713,False,pv_penetration
9075,50,0.75,0.0,2.0,4,269.6969850706405,166.76292800876274,18.11239904129739,49.59067618027568,4.766749868717113,0.05981756695248844,128.36352441893314,0.0007083273315834097,0.006977801132819858,False,pv_penetration
9100,50,1.0,0.0,2.0,10,351.3522922752475,247.51256843376805,127.5834680802947,52.40717073675171,6.357917097686917,0.07458301782239944,141.77631024441044,0.0008500591774185685,0.020711208028761682,False,pv_penetration
9100,50,1.0,0.0,2.0,10,351.3522922752475,247.51256843376805,128.33077074209518,52.39049492271728,6.373330369797844,0.07462002018865417,141.87785421983202,0.000863388225702531,0.020852578147021558,False,pv_penetration
9100,50,1.0,0.0,2.0,10,351.3522922752475,377.20575481781805,128.33077074209518,59.30797128273089,11.069831252252342,0.09019173454373972,178.4889728555267,0.0013097402947559189,0.04335154574779024,False,pv_penetration
9100,50,1.0,0.0,2.0,6,699.7061731161662,249.46716076569638,395.8481663824391,42.47166633166099,6.917808519047666,0.05215318116910932,313.49536804018004,0.0004565252371640822,0.08345989735165583,False,pv_penetration
9101,50,1.0,0.0,1.0,3,209.06482457857427,222.1296416362112,332.3716152529248,44.4061070624907,1.7488377131703765,0.047921871907174084,96.97362944471496,0.001642843916079168,0.0004159212910447435,False,storage_duration
9101,50,1.0,0.0,1.0,3,374.1287594303319,156.35755542880432,102.96557537380255,49.63318431669541,2.534552819392034,0.05182516608561834,103.2530454743583,0.0005376675227681566,0.0012745156123862567,False,storage_duration
9101,50,1.0,0.0,1.0,3,374.1287594303319,156.35755542880432,93.92749853547278,40.84192266471757,1.9942127428988272,0.0463759468674432,93.18255689086192,0.0005642875294806411,0.003534432498945681,False,storage_duration
9101,50,1.0,0.0,1.0,3,374.1287594303319,156.35755542880432,102.96557537380255,40.631165446585875,2.08328696795752,0.04659637925485943,93.95470029479544,0.0005650342107010825,0.004523910987960941,False,storage_duration
9102,50,1.0,0.0,2.0,9,288.9767621642336,122.55403116436563,14.64217223936052,49.709059678356255,4.775950336643815,0.062309339166326264,123.66519365308723,0.0006020676424015981,0.019757655725784404,False,storage_duration
9102,50,1.0,0.0,2.0,10,340.9564741420875,173.0671559757292,28.99067410523339,41.260392443136546,7.845742180082409,0.06655569230464903,134.98630893629968,0.000707313575615937,0.024804777787812635,False,storage_duration
9102,50,1.0,0.0,2.0,10,134.89011387642952,183.7635392850778,28.44197570349914,41.40842808022206,8.029576286536635,0.06812188284044679,138.82509734133825,0.0019205336027716304,0.025971676486409037,False,storage_duration
9102,50,1.0,0.0,2.0,10,335.5841940379927,375.6906363453342,446.1261607324242,54.447493125653054,10.190087029283948,0.0710232770394591,145.3621922407645,0.001593719530051483,0.05029774301191461,False,storage_duration
9104,50,1.0,0.0,4.0,13,577.433039473913,72.35048683164092,38.92661709350038,48.29088212543341,2.639180495475209,0.0558995853781941,97.22766278616257,0.0001522711511850454,0.007333769783779878,False,storage_duration
9104,50,1.0,0.0,4.0,13,577.433039473913,72.35048683164092,38.92661709350038,50.11926850766073,3.4333561266387873,0.059864645811694255,103.77587967985522,0.00016101427483558483,0.013009842542843722,False,storage_duration
9104,50,1.0,0.0,4.0,13,577.433039473913,72.35048683164092,38.92661709350038,50.11926850766073,3.4333561266387873,0.059864645811694255,103.77587967985522,0.00016101427483558483,0.013009842542843722,False,storage_duration
9104,50,1.0,0.0,4.0,5,706.2046508016919,207.5030409303932,76.6982386823859,53.84079490132145,6.131078795683136,0.05819799846368814,120.56235069971214,0.00037377832972172183,0.01611300724552224,False,storage_duration
9200,50,1.0,0.0,2.0,1,413.57538156912756,268.6979050091244,476.87864402214274,31.799226515534706,5.510327781845424,0.048464956606798865,110.00855294469167,0.0009164460044928795,0.03417040958930512,False,forecast_error
9200,50,1.0,0.0,2.0,1,74.08600140206305,268.6979050091244,482.4923011619911,31.799226506588944,5.642692952007182,0.04862909353214762,110.46586531482323,0.0046776846868522275,0.03556575510932157,False,forecast_error
9200,50,1.0,0.0,2.0,1,352.68879290349713,244.68044017182046,491.0645600613111,52.451092580784895,8.700818546384182,0.05834719011386339,151.19922097291735,0.0009262369489930978,0.044436705496826934,False,forecast_error
9200,50,1.0,0.0,2.0,11,409.89091455211997,22.086907072315533,294.11658107633264,39.44879918968201,13.533849647128537,0.0754285043858202,135.2824492885522,6.293444912298742e-05,0.06407228012489642,False,forecast_error
9205,50,1.0,0.05,2.0,4,361.62092374438447,56.535030841578376,378.8040042888233,45.35933264183362,2.319325018702031,0.05095202557667171,104.01669591947936,0.00019135433508064078,0.000776957349684082,False,forecast_error
9205,50,1.0,0.05,2.0,4,354.2291826628463,61.214962650934936,378.8040042888233,42.03507311380173,4.444214036464912,0.056140254258000254,109.93627457037101,0.00021146963490291742,0.017350861272420318,False,forecast_error
9205,50,1.0,0.05,2.0,4,353.6732343778561,61.214962650934936,378.8040042888233,42.02614209143107,4.454910093673976,0.056163228491598736,109.96974472939644,0.0002009468311454349,0.017429793171288607,False,forecast_error
9205,50,1.0,0.05,2.0,13,430.4421139287411,132.8674295673988,479.34099017502285,54.568047163844206,8.294065419465955,0.08362788588457103,138.04565822344173,0.00038730048858066804,0.03959870416633614,False,forecast_error
9210,50,1.0,0.1,2.0,7,111.3526301352783,346.82179632443194,401.24361141482956,45.90880087787197,1.7906898102613078,0.04860375815400112,97.03100934288221,0.0031542371056717295,0.0011168143600336355,False,forecast_error
9210,50,1.0,0.1,2.0,7,111.3526301352783,346.82179632443194,588.9452420053382,39.86342091273556,1.7892649027815857,0.046394005628326414,104.94872338412655,0.0030644900678906527,0.011092479212191794,False,forecast_error
9210,50,1.0,0.1,2.0,7,110.71801071094603,127.82081065024232,404.3677769383635,44.994966317737756,1.7912865035038006,0.046915468308249816,135.72278493320238,0.0013299012076211842,0.018659156012144282,False,forecast_error
9210,50,1.0,0.1,2.0,5,583.955303382673,108.19353500256699,404.3677769383635,42.52625528852876,11.190069335196165,0.07240923069138727,134.33203656075665,0.00022338273085602983,0.0483646965301279,False,forecast_error
9220,50,1.0,0.2,2.0,4,171.28093388724133,22.63438028829286,26.380205107066235,47.8394036575665,2.12200468187503,0.050152195885154335,96.82451676783964,0.000158480093009947,0.00199028066151416,False,forecast_error
9220,50,1.0,0.2,2.0,4,175.6088097375482,203.60282575239137,26.380205107066235,65.21514034848644,10.632757881148311,0.07864700614842435,163.76481734620398,0.0012523062023351533,0.02362051670313721,False,forecast_error
9220,50,1.0,0.2,2.0,4,175.6088097375482,203.60282575239137,26.380205107066235,62.11712050566263,11.582255410539378,0.08285454201109341,160.3086144103193,0.0013564923515428057,0.026644760630688755,False,forecast_error
9220,50,1.0,0.2,2.0,10,715.9730105046124,201.7088724313809,642.4656088528135,33.0817822407526,10.05775367347843,0.05909553612530977,129.14241972406694,0.0003736977317606089,0.04394011534554988,False,forecast_error
