case,timestamp,event_active,commanded_discharge_kw,actual_discharge_kw,charge_kw,soc_min,soc_max,minimum_energized_voltage_pu,deenergized_buses,unserved_kw,grid_import_kw,converged
E0,2000-02-03 00:00:00,False,0.0,0.0,0.0,0.1,0.1,0.9788903034381948,0,0.0,80.1502954281521,True
E0,2000-02-03 00:15:00,False,0.0,0.0,0.0,0.1,0.1,0.9843822901708302,0,0.0,68.05741930803988,True
E0,2000-02-03 00:30:00,False,0.0,0.0,0.0,0.1,0.1,0.989928651020076,0,0.0,61.81268422314279,True
E0,2000-02-03 00:45:00,False,0.0,0.0,0.0,0.1,0.1,0.9922076649660622,0,0.0,57.48627245419202,True
E0,2000-02-03 01:00:00,False,0.0,0.0,0.0,0.1,0.1,0.9936243530515101,0,0.0,46.88974268639967,True
E0,2000-02-03 01:15:00,False,0.0,0.0,0.0,0.1,0.1,0.993224385448584,0,0.0,45.64119386003473,True
E0,2000-02-03 01:30:00,False,0.0,0.0,0.0,0.1,0.1,0.9882183447202253,0,0.0,87.02712720346017,True
E0,2000-02-03 01:45:00,False,0.0,0.0,0.0,0.1,0.1,0.9850464882303674,0,0.0,109.31163263842647,True
E0,2000-02-03 02:00:00,False,0.0,0.0,0.0,0.1,0.1,0.986851511167278,0,0.0,76.58388514810754,True
E0,2000-02-03 02:15:00,False,0.0,0.0,0.0,0.1,0.1,0.9827684851327854,0,0.0,73.43849301677952,True
E0,2000-02-03 02:30:00,False,0.0,0.0,0.0,0.1,0.1,0.9857616814239496,0,0.0,80.81261012776952,True
E0,2000-02-03 02:45:00,False,0.0,0.0,0.0,0.1,0.1,0.9836217176137962,0,0.0,107.56693370604408,True
E0,2000-02-03 03:00:00,False,0.0,0.0,0.0,0.1,0.1,0.98282795996597,0,0.0,76.51899987401234,True
E0,2000-02-03 03:15:00,False,0.0,0.0,0.0,0.1,0.1,0.987696187164623,0,0.0,71.00582829508318,True
E0,2000-02-03 03:30:00,False,0.0,0.0,0.0,0.1,0.1,0.9889837982561479,0,0.0,50.68244696592461,True
E0,2000-02-03 03:45:00,False,0.0,0.0,0.0,0.1,0.1,0.9896181913746525,0,0.0,57.28168969236292,True
E0,2000-02-03 04:00:00,False,0.0,0.0,0.0,0.1,0.1,0.9915450431473879,0,0.0,54.03353079549467,True
E0,2000-02-03 04:15:00,False,0.0,0.0,0.0,0.1,0.1,0.9937700153088089,0,0.0,45.37969086868232,True
E0,2000-02-03 04:30:00,False,0.0,0.0,0.0,0.1,0.1,0.9948578410238537,0,0.0,46.52640943962694,True
E0,2000-02-03 04:45:00,False,0.0,0.0,0.0,0.1,0.1,0.9942238357271291,0,0.0,42.547150885541726,True
E0,2000-02-03 05:00:00,False,0.0,0.0,0.0,0.1,0.1,0.9948769353443067,0,0.0,40.411231209091405,True
E0,2000-02-03 05:15:00,False,0.0,0.0,0.0,0.1,0.1,0.9961519487070264,0,0.0,31.794628900001733,True
E0,2000-02-03 05:30:00,False,0.0,0.0,0.0,0.1,0.1,0.994884280483446,0,0.0,38.42876562220398,True
E0,2000-02-03 05:45:00,False,0.0,0.0,0.0,0.1,0.1,0.9951395332165289,0,0.0,36.04220563229954,True
E0,2000-02-03 06:00:00,False,0.0,0.0,0.0,0.1,0.1,0.988180436282675,0,0.0,93.18057016838188,True
E0,2000-02-03 06:15:00,False,0.0,0.0,0.25497747981131047,0.1,0.10122585326832362,0.9815322824432057,0,0.0,129.99862105187665,True
E0,2000-02-03 06:30:00,False,0.0,0.0,3.8603736321599085,0.1,0.11020914723896157,0.9808374933545105,0,0.0,138.08221206136872,True
E0,2000-02-03 06:45:00,False,0.0,0.0,4.358175887373417,0.1,0.12713364909106376,0.9728552166568551,0,0.0,133.54078394968428,True
E0,2000-02-03 07:00:00,False,0.0,0.0,4.91920046653931,0.1,0.1378136259379048,0.9748574045762654,0,0.0,165.91393655759722,True
E0,2000-02-03 07:15:00,False,0.0,0.0,4.262934885318645,0.1,0.1584920811893185,0.9713169893611077,0,0.0,183.1678189029886,True
E0,2000-02-03 07:30:00,False,0.0,0.0,0.0,0.1,0.1584920811893185,0.9714131367226998,0,0.0,170.76948742314758,True
E0,2000-02-03 07:45:00,False,0.0,0.0,0.0,0.1,0.1584920811893185,0.9751744873122528,0,0.0,150.6945768258221,True
E0,2000-02-03 08:00:00,False,0.0,0.0,0.0,0.1,0.1584920811893185,0.9740905117983892,0,0.0,145.94926288121158,True
E0,2000-02-03 08:15:00,False,0.0,0.0,0.0,0.1,0.1584920811893185,0.9751984410177361,0,0.0,132.71095181372482,True
E0,2000-02-03 08:30:00,False,0.0,0.0,15.894086056076011,0.1,0.1584920811893185,0.9791776436329181,0,0.0,99.22674507409756,True
E0,2000-02-03 08:45:00,False,0.0,0.0,49.4308856496393,0.10551089430721795,0.1736338552670098,0.97990867427339,0,0.0,92.78808995686161,True
E0,2000-02-03 09:00:00,False,0.0,0.0,50.55602163499333,0.10551089430721795,0.22301308895484304,0.9758916038199451,0,0.0,88.96739045870605,True
E0,2000-02-03 09:15:00,False,0.0,0.0,64.53403656277615,0.10551089430721795,0.29068929907555535,0.9758943214551233,0,0.0,74.38568856713034,True
E0,2000-02-03 09:30:00,False,0.0,0.0,66.70991070229287,0.1273286121842005,0.34982946550574917,0.9808333534562178,0,0.0,52.79975667960879,True
E0,2000-02-03 09:45:00,False,0.0,0.0,85.81637902372003,0.12968763704835998,0.4112603552292094,0.9859634229826657,0,0.0,33.62440623940355,True
E0,2000-02-03 10:00:00,False,0.0,0.0,107.31438931202243,0.1783719039742322,0.4814394663668315,0.9839081894648828,0,0.0,40.51996624901055,True
E0,2000-02-03 10:15:00,False,0.0,0.0,121.0441575281194,0.2555829383414676,0.559440928684119,0.9809807139176114,0,0.0,43.22811820429329,True
E0,2000-02-03 10:30:00,False,0.0,0.0,117.63029234662048,0.32678716132601726,0.6339433371458533,0.9834111443369393,0,0.0,42.30937956214164,True
E0,2000-02-03 10:45:00,False,0.0,0.0,117.63647368279979,0.40813502456897466,0.706553400544993,0.9842307831407581,0,0.0,41.036613995779625,True
E0,2000-02-03 11:00:00,False,0.0,0.0,134.19073949571586,0.4821287387708929,0.8010570339005539,0.9841686993008423,0,0.0,35.45796460992978,True
E0,2000-02-03 11:15:00,False,0.0,0.0,131.11236847163133,0.5510782449653987,0.8846070958142608,0.9805737419243324,0,0.0,33.72506454827939,True
E0,2000-02-03 11:30:00,False,0.0,0.0,78.64302316909416,0.623201818895365,0.9,0.9823700314030416,0,0.0,-17.772583151943078,True
E0,2000-02-03 11:45:00,False,0.0,0.0,57.0807313526016,0.7048132702396063,0.9,0.9865268390073174,0,0.0,-49.06789892670083,True
E0,2000-02-03 12:00:00,False,0.0,0.0,57.32182397933974,0.7831329676428396,0.9,0.9887651266655911,0,0.0,-62.540926655811234,True
E0,2000-02-03 12:15:00,False,0.0,0.0,17.533359768233986,0.8550723514479837,0.9000000000000001,0.9884392636079156,0,0.0,-90.1722237485414,True
E0,2000-02-03 12:30:00,False,0.0,0.0,2.695658913120987,0.9,0.9000000000000001,0.9878277508472318,0,0.0,-99.79667317990071,True
E0,2000-02-03 12:45:00,False,0.0,0.0,0.0,0.9,0.9000000000000001,0.9885463783614841,0,0.0,-102.13754277685028,True
E0,2000-02-03 13:00:00,False,0.0,0.0,0.0,0.9,0.9000000000000001,0.983233568611892,0,0.0,-27.051394777996897,True
E0,2000-02-03 13:15:00,False,0.0,0.0,0.0,0.9,0.9000000000000001,0.9865067592273623,0,0.0,-68.9185440870459,True
E0,2000-02-03 13:30:00,False,0.0,0.0,0.0,0.9,0.9000000000000001,0.9764213756819131,0,0.0,-29.797762110614467,True
E0,2000-02-03 13:45:00,False,0.0,0.0,0.0,0.9,0.9000000000000001,0.9823655157424095,0,0.0,-19.119491610587012,True
E0,2000-02-03 14:00:00,False,0.0,0.0,0.0,0.9,0.9000000000000001,0.9756903514577017,0,0.0,55.11616639471484,True
E0,2000-02-03 14:15:00,False,0.0,0.0,0.0,0.9,0.9000000000000001,0.9745551901856053,0,0.0,71.92107410501936,True
E0,2000-02-03 14:30:00,False,0.0,0.0,0.0,0.9,0.9000000000000001,0.9818947518543326,0,0.0,13.01898969629578,True
E0,2000-02-03 14:45:00,False,0.0,0.0,0.0,0.9,0.9000000000000001,0.9738443198012308,0,0.0,25.146257340682432,True
E0,2000-02-03 15:00:00,False,0.0,0.0,0.0,0.9,0.9000000000000001,0.9742614344500077,0,0.0,30.12328716532342,True
E0,2000-02-03 15:15:00,False,0.0,0.0,0.0,0.9,0.9000000000000001,0.9722950046545478,0,0.0,53.31795682383511,True
E0,2000-02-03 15:30:00,False,0.0,0.0,0.0,0.9,0.9000000000000001,0.9828941573186352,0,0.0,12.349185329612489,True
E0,2000-02-03 15:45:00,False,0.0,0.0,0.0,0.9,0.9000000000000001,0.9878410777749586,0,0.0,23.90692071656675,True
E0,2000-02-03 16:00:00,False,0.0,0.0,0.0,0.9,0.9000000000000001,0.9860648735711032,0,0.0,33.663977839338834,True
E0,2000-02-03 16:15:00,False,0.0,0.0,0.0,0.9,0.9000000000000001,0.9836644608100649,0,0.0,60.49984557443921,True
E0,2000-02-03 16:30:00,False,0.0,0.0,0.0,0.9,0.9000000000000001,0.9835388817534145,0,0.0,80.71341864985659,True
E0,2000-02-03 16:45:00,False,0.0,0.0,0.0,0.9,0.9000000000000001,0.9795156832915385,0,0.0,122.3063821348167,True
E0,2000-02-03 17:00:00,False,0.0,0.0,0.0,0.9,0.9000000000000001,0.9781001061693549,0,0.0,147.86396859147132,True
E0,2000-02-03 17:15:00,False,0.0,0.0,0.0,0.9,0.9000000000000001,0.9777547019110312,0,0.0,167.21348740819587,True
E0,2000-02-03 17:30:00,False,0.0,0.0,0.0,0.9,0.9000000000000001,0.9806655474895257,0,0.0,123.54846772755978,True
E0,2000-02-03 17:45:00,False,0.0,0.0,0.0,0.9,0.9000000000000001,0.9812811355424512,0,0.0,139.6228563181121,True
E0,2000-02-03 18:00:00,False,69.70169037937218,69.70169037937218,0.0,0.85,0.875487215042563,0.9811618453940392,0,0.0,80.02225159275555,True
E0,2000-02-03 18:15:00,False,59.20642814238108,59.20642814238108,0.0,0.8,0.8264228183919936,0.9840656147388834,0,0.0,68.81172959858594,True
E0,2000-02-03 18:30:00,False,61.87355704459066,61.87355704459066,0.0,0.75,0.8050634235450956,0.9839222803671004,0,0.0,80.4806131987732,True
E0,2000-02-03 18:45:00,False,62.80375136778746,62.80375136778746,0.0,0.7,0.7661313761013754,0.979959220493508,0,0.0,94.37577857874113,True
E0,2000-02-03 19:00:00,False,62.51035985051602,62.51035985051602,0.0,0.6647972835495253,0.7132215847488802,0.9782964579934705,0,0.0,123.42095118569607,True
E0,2000-02-03 19:15:00,False,66.24456385071777,66.24456385071777,0.0,0.6134520759541139,0.6860093636500847,0.9775428800103508,0,0.0,119.6583217227567,True
E0,2000-02-03 19:30:00,False,72.94648422355891,72.94648422355891,0.0,0.5621068683587026,0.6274084272850762,0.9722283512005313,0,0.0,149.2537370411582,True
E0,2000-02-03 19:45:00,False,73.01718627418974,73.01718627418974,0.0,0.5107616607632912,0.5952866031604204,0.9697586537712277,0,0.0,167.83999290056494,True
E0,2000-02-03 20:00:00,False,79.80599735836077,79.80599735836077,0.0,0.45941645316787977,0.5333757777653678,0.9683051886851916,0,0.0,186.18200357411217,True
E0,2000-02-03 20:15:00,False,79.80599735836077,79.80599735836077,0.0,0.4080712455724684,0.4714649523703152,0.971897745053016,0,0.0,171.26348906213562,True
E0,2000-02-03 20:30:00,False,79.80599735836077,79.80599735836077,0.0,0.35672603797705704,0.4095541269752627,0.9730986314056114,0,0.0,174.40342548604914,True
E0,2000-02-03 20:45:00,False,79.80599735836078,79.80599735836078,0.0,0.30538083038164565,0.3476433015802101,0.97245273370932,0,0.0,167.21549038673578,True
E0,2000-02-03 21:00:00,False,79.8059973583608,79.8059973583608,0.0,0.25403562278623426,0.28573247618515757,0.9721279793391546,0,0.0,171.5822291627773,True
E0,2000-02-03 21:15:00,False,79.80599735836078,79.80599735836078,0.0,0.2026904151908228,0.22382165079010508,0.9721024322325753,0,0.0,168.2231312512339,True
E0,2000-02-03 21:30:00,False,79.80599735836078,79.80599735836078,0.0,0.1513452075954114,0.16191082539505253,0.970740665663495,0,0.0,180.1453078061035,True
E0,2000-02-03 21:45:00,False,79.80599735836078,79.80599735836078,0.0,0.1,0.1,0.9721258746556876,0,0.0,175.66919454748574,True
E0,2000-02-03 22:00:00,False,0.0,0.0,0.0,0.1,0.1,0.9714772929494637,0,0.0,242.05655966214246,True
E0,2000-02-03 22:15:00,False,0.0,0.0,0.0,0.1,0.1,0.9746671075424406,0,0.0,192.74236655745923,True
E0,2000-02-03 22:30:00,False,0.0,0.0,0.0,0.1,0.1,0.9742088290858835,0,0.0,181.9438890719287,True
E0,2000-02-03 22:45:00,False,0.0,0.0,0.0,0.1,0.1,0.9721283560717321,0,0.0,167.72912549835172,True
E0,2000-02-03 23:00:00,False,0.0,0.0,0.0,0.1,0.1,0.9735703030556934,0,0.0,161.61097154832584,True
E0,2000-02-03 23:15:00,False,0.0,0.0,0.0,0.1,0.1,0.9788047824224327,0,0.0,113.52285890678404,True
E0,2000-02-03 23:30:00,False,0.0,0.0,0.0,0.1,0.1,0.9865420830503611,0,0.0,80.81002753885281,True
E0,2000-02-03 23:45:00,False,0.0,0.0,0.0,0.1,0.1,0.9803948805675421,0,0.0,61.61097589002651,True
E1,2000-02-03 00:00:00,False,0.0,0.0,0.0,0.1,0.1,0.9788903034381948,0,0.0,80.1502954281521,True
E1,2000-02-03 00:15:00,False,0.0,0.0,0.0,0.1,0.1,0.9843822901708302,0,0.0,68.05741930803988,True
E1,2000-02-03 00:30:00,False,0.0,0.0,0.0,0.1,0.1,0.989928651020076,0,0.0,61.81268422314279,True
E1,2000-02-03 00:45:00,False,0.0,0.0,0.0,0.1,0.1,0.9922076649660622,0,0.0,57.48627245419202,True
E1,2000-02-03 01:00:00,False,0.0,0.0,0.0,0.1,0.1,0.9936243530515101,0,0.0,46.88974268639967,True
E1,2000-02-03 01:15:00,False,0.0,0.0,0.0,0.1,0.1,0.993224385448584,0,0.0,45.64119386003473,True
E1,2000-02-03 01:30:00,False,0.0,0.0,0.0,0.1,0.1,0.9882183447202253,0,0.0,87.02712720346017,True
E1,2000-02-03 01:45:00,False,0.0,0.0,0.0,0.1,0.1,0.9850464882303674,0,0.0,109.31163263842647,True
E1,2000-02-03 02:00:00,False,0.0,0.0,0.0,0.1,0.1,0.986851511167278,0,0.0,76.58388514810754,True
E1,2000-02-03 02:15:00,False,0.0,0.0,0.0,0.1,0.1,0.9827684851327854,0,0.0,73.43849301677952,True
E1,2000-02-03 02:30:00,False,0.0,0.0,0.0,0.1,0.1,0.9857616814239496,0,0.0,80.81261012776952,True
E1,2000-02-03 02:45:00,False,0.0,0.0,0.0,0.1,0.1,0.9836217176137962,0,0.0,107.56693370604408,True
E1,2000-02-03 03:00:00,False,0.0,0.0,0.0,0.1,0.1,0.98282795996597,0,0.0,76.51899987401234,True
E1,2000-02-03 03:15:00,False,0.0,0.0,0.0,0.1,0.1,0.987696187164623,0,0.0,71.00582829508318,True
E1,2000-02-03 03:30:00,False,0.0,0.0,0.0,0.1,0.1,0.9889837982561479,0,0.0,50.68244696592461,True
E1,2000-02-03 03:45:00,False,0.0,0.0,0.0,0.1,0.1,0.9896181913746525,0,0.0,57.28168969236292,True
E1,2000-02-03 04:00:00,False,0.0,0.0,0.0,0.1,0.1,0.9915450431473879,0,0.0,54.03353079549467,True
E1,2000-02-03 04:15:00,False,0.0,0.0,0.0,0.1,0.1,0.9937700153088089,0,0.0,45.37969086868232,True
E1,2000-02-03 04:30:00,False,0.0,0.0,0.0,0.1,0.1,0.9948578410238537,0,0.0,46.52640943962694,True
E1,2000-02-03 04:45:00,False,0.0,0.0,0.0,0.1,0.1,0.9942238357271291,0,0.0,42.547150885541726,True
E1,2000-02-03 05:00:00,False,0.0,0.0,0.0,0.1,0.1,0.9948769353443067,0,0.0,40.411231209091405,True
E1,2000-02-03 05:15:00,False,0.0,0.0,0.0,0.1,0.1,0.9961519487070264,0,0.0,31.794628900001733,True
E1,2000-02-03 05:30:00,False,0.0,0.0,0.0,0.1,0.1,0.994884280483446,0,0.0,38.42876562220398,True
E1,2000-02-03 05:45:00,False,0.0,0.0,0.0,0.1,0.1,0.9951395332165289,0,0.0,36.04220563229954,True
E1,2000-02-03 06:00:00,False,0.0,0.0,0.0,0.1,0.1,0.988180436282675,0,0.0,93.18057016838188,True
E1,2000-02-03 06:15:00,False,0.0,0.0,0.25497747981131047,0.1,0.10122585326832362,0.9815322824432057,0,0.0,129.99862105187665,True
E1,2000-02-03 06:30:00,False,0.0,0.0,3.8603736321599085,0.1,0.11020914723896157,0.9808374933545105,0,0.0,138.08221206136872,True
E1,2000-02-03 06:45:00,False,0.0,0.0,4.358175887373417,0.1,0.12713364909106376,0.9728552166568551,0,0.0,133.54078394968428,True
E1,2000-02-03 07:00:00,False,0.0,0.0,4.91920046653931,0.1,0.1378136259379048,0.9748574045762654,0,0.0,165.91393655759722,True
E1,2000-02-03 07:15:00,False,0.0,0.0,4.262934885318645,0.1,0.1584920811893185,0.9713169893611077,0,0.0,183.1678189029886,True
E1,2000-02-03 07:30:00,False,0.0,0.0,0.0,0.1,0.1584920811893185,0.9714131367226998,0,0.0,170.76948742314758,True
E1,2000-02-03 07:45:00,False,0.0,0.0,0.0,0.1,0.1584920811893185,0.9751744873122528,0,0.0,150.6945768258221,True
E1,2000-02-03 08:00:00,False,0.0,0.0,0.0,0.1,0.1584920811893185,0.9740905117983892,0,0.0,145.94926288121158,True
E1,2000-02-03 08:15:00,False,0.0,0.0,0.0,0.1,0.1584920811893185,0.9751984410177361,0,0.0,132.71095181372482,True
E1,2000-02-03 08:30:00,False,0.0,0.0,15.894086056076011,0.1,0.1584920811893185,0.9791776436329181,0,0.0,99.22674507409756,True
E1,2000-02-03 08:45:00,False,0.0,0.0,49.4308856496393,0.10551089430721795,0.1736338552670098,0.97990867427339,0,0.0,92.78808995686161,True
E1,2000-02-03 09:00:00,False,0.0,0.0,50.55602163499333,0.10551089430721795,0.22301308895484304,0.9758916038199451,0,0.0,88.96739045870605,True
E1,2000-02-03 09:15:00,False,0.0,0.0,64.53403656277615,0.10551089430721795,0.29068929907555535,0.9758943214551233,0,0.0,74.38568856713034,True
E1,2000-02-03 09:30:00,False,0.0,0.0,66.70991070229287,0.1273286121842005,0.34982946550574917,0.9808333534562178,0,0.0,52.79975667960879,True
E1,2000-02-03 09:45:00,False,0.0,0.0,85.81637902372003,0.12968763704835998,0.4112603552292094,0.9859634229826657,0,0.0,33.62440623940355,True
E1,2000-02-03 10:00:00,False,0.0,0.0,107.31438931202243,0.1783719039742322,0.4814394663668315,0.9839081894648828,0,0.0,40.51996624901055,True
E1,2000-02-03 10:15:00,False,0.0,0.0,121.0441575281194,0.2555829383414676,0.559440928684119,0.9809807139176114,0,0.0,43.22811820429329,True
E1,2000-02-03 10:30:00,False,0.0,0.0,117.63029234662048,0.32678716132601726,0.6339433371458533,0.9834111443369393,0,0.0,42.30937956214164,True
E1,2000-02-03 10:45:00,False,0.0,0.0,117.63647368279979,0.40813502456897466,0.706553400544993,0.9842307831407581,0,0.0,41.036613995779625,True
E1,2000-02-03 11:00:00,False,0.0,0.0,134.19073949571586,0.4821287387708929,0.8010570339005539,0.9841686993008423,0,0.0,35.45796460992978,True
E1,2000-02-03 11:15:00,False,0.0,0.0,131.11236847163133,0.5510782449653987,0.8846070958142608,0.9805737419243324,0,0.0,33.72506454827939,True
E1,2000-02-03 11:30:00,False,0.0,0.0,78.64302316909416,0.623201818895365,0.9,0.9823700314030416,0,0.0,-17.772583151943078,True
E1,2000-02-03 11:45:00,False,0.0,0.0,57.0807313526016,0.7048132702396063,0.9,0.9865268390073174,0,0.0,-49.06789892670083,True
E1,2000-02-03 12:00:00,False,0.0,0.0,57.32182397933974,0.7831329676428396,0.9,0.9887651266655911,0,0.0,-62.540926655811234,True
E1,2000-02-03 12:15:00,False,0.0,0.0,17.533359768233986,0.8550723514479837,0.9000000000000001,0.9884392636079156,0,0.0,-90.1722237485414,True
E1,2000-02-03 12:30:00,False,0.0,0.0,2.695658913120987,0.9,0.9000000000000001,0.9878277508472318,0,0.0,-99.79667317990071,True
E1,2000-02-03 12:45:00,False,0.0,0.0,0.0,0.9,0.9000000000000001,0.9885463783614841,0,0.0,-102.13754277685028,True
E1,2000-02-03 13:00:00,False,0.0,0.0,0.0,0.9,0.9000000000000001,0.983233568611892,0,0.0,-27.051394777996897,True
E1,2000-02-03 13:15:00,False,0.0,0.0,0.0,0.9,0.9000000000000001,0.9865067592273623,0,0.0,-68.9185440870459,True
E1,2000-02-03 13:30:00,False,0.0,0.0,0.0,0.9,0.9000000000000001,0.9764213756819131,0,0.0,-29.797762110614467,True
E1,2000-02-03 13:45:00,False,0.0,0.0,0.0,0.9,0.9000000000000001,0.9823655157424095,0,0.0,-19.119491610587012,True
E1,2000-02-03 14:00:00,False,0.0,0.0,0.0,0.9,0.9000000000000001,0.9756903514577017,0,0.0,55.11616639471484,True
E1,2000-02-03 14:15:00,False,0.0,0.0,0.0,0.9,0.9000000000000001,0.9745551901856053,0,0.0,71.92107410501936,True
E1,2000-02-03 14:30:00,False,0.0,0.0,0.0,0.9,0.9000000000000001,0.9818947518543326,0,0.0,13.01898969629578,True
E1,2000-02-03 14:45:00,False,0.0,0.0,0.0,0.9,0.9000000000000001,0.9738443198012308,0,0.0,25.146257340682432,True
E1,2000-02-03 15:00:00,False,0.0,0.0,0.0,0.9,0.9000000000000001,0.9742614344500077,0,0.0,30.12328716532342,True
E1,2000-02-03 15:15:00,False,0.0,0.0,0.0,0.9,0.9000000000000001,0.9722950046545478,0,0.0,53.31795682383511,True
E1,2000-02-03 15:30:00,False,0.0,0.0,0.0,0.9,0.9000000000000001,0.9828941573186352,0,0.0,12.349185329612489,True
E1,2000-02-03 15:45:00,False,0.0,0.0,0.0,0.9,0.9000000000000001,0.9878410777749586,0,0.0,23.90692071656675,True
E1,2000-02-03 16:00:00,False,0.0,0.0,0.0,0.9,0.9000000000000001,0.9860648735711032,0,0.0,33.663977839338834,True
E1,2000-02-03 16:15:00,False,0.0,0.0,0.0,0.9,0.9000000000000001,0.9836644608100649,0,0.0,60.49984557443921,True
E1,2000-02-03 16:30:00,False,0.0,0.0,0.0,0.9,0.9000000000000001,0.9835388817534145,0,0.0,80.71341864985659,True
E1,2000-02-03 16:45:00,False,0.0,0.0,0.0,0.9,0.9000000000000001,0.9795156832915385,0,0.0,122.3063821348167,True
E1,2000-02-03 17:00:00,False,0.0,0.0,0.0,0.9,0.9000000000000001,0.9781001061693549,0,0.0,147.86396859147132,True
E1,2000-02-03 17:15:00,False,0.0,0.0,0.0,0.9,0.9000000000000001,0.9777547019110312,0,0.0,167.21348740819587,True
E1,2000-02-03 17:30:00,False,0.0,0.0,0.0,0.9,0.9000000000000001,0.9806655474895257,0,0.0,123.54846772755978,True
E1,2000-02-03 17:45:00,False,0.0,0.0,0.0,0.9,0.9000000000000001,0.9812811355424512,0,0.0,139.6228563181121,True
E1,2000-02-03 18:00:00,True,69.70169037937218,0.0,0.0,0.9,0.9000000000000001,0.9792050799293199,0,0.0,150.3845308967615,True
E1,2000-02-03 18:15:00,True,61.24006147571442,0.0,0.0,0.9,0.9000000000000001,0.9803581859880771,0,0.0,128.65628226577442,True
E1,2000-02-03 18:30:00,True,68.99903144641793,0.0,0.0,0.9,0.9000000000000001,0.9822088202884026,0,0.0,142.8141797591711,True
E1,2000-02-03 18:45:00,True,73.66852967121406,0.0,0.0,0.9,0.9000000000000001,0.9799592204935081,0,0.0,157.65423349573092,True
E1,2000-02-03 19:00:00,False,75.143112512917,75.143112512917,0.0,0.8333333333333334,0.8909238902345327,0.9782964579934705,0,0.0,110.75820810385673,True
E1,2000-02-03 19:15:00,False,78.99343127747598,78.99343127747598,0.0,0.7666666666666667,0.8648475908433905,0.9775428800103508,0,0.0,106.88249910395831,True
E1,2000-02-03 19:30:00,False,88.23719841346707,88.23719841346707,0.0,0.7,0.8194911405801467,0.9722283512005324,0,0.0,133.91959884809035,True
E1,2000-02-03 19:45:00,False,91.7004187914191,91.7004187914191,0.0,0.6333333333333333,0.7952866031604204,0.9697586537712277,0,0.0,149.05332458620245,True
E1,2000-02-03 20:00:00,False,104.08472987559011,104.08472987559011,0.0,0.5666666666666668,0.7083757777653679,0.9683051886851903,0,0.0,161.67170249797059,True
E1,2000-02-03 20:15:00,False,104.08472987559011,104.08472987559011,0.0,0.5,0.6214649523703153,0.9718977450530151,0,0.0,146.7470451931685,True
E1,2000-02-03 20:30:00,False,104.08472987559013,104.08472987559013,0.0,0.43333333333333335,0.5345541269752627,0.9730986314056128,0,0.0,149.89432664001944,True
E1,2000-02-03 20:45:00,False,104.08472987559011,104.08472987559011,0.0,0.36666666666666664,0.4476433015802102,0.97245273370932,0,0.0,142.73813139131298,True
E1,2000-02-03 21:00:00,False,104.08472987559011,104.08472987559011,0.0,0.3,0.3607324761851577,0.9721279793391543,0,0.0,147.12292111833247,True
E1,2000-02-03 21:15:00,False,104.08472987559011,104.08472987559011,0.0,0.2333333333333333,0.27382165079010506,0.9721024322325801,0,0.0,143.75121244339329,True
E1,2000-02-03 21:30:00,False,104.0847298755901,104.0847298755901,0.0,0.16666666666666666,0.18691082539505255,0.9707406656634943,0,0.0,155.6534522535904,True
E1,2000-02-03 21:45:00,False,104.08472987559009,104.08472987559009,0.0,0.1,0.1,0.9721258746556899,0,0.0,151.18492351848056,True
E1,2000-02-03 22:00:00,False,0.0,0.0,0.0,0.1,0.1,0.9714772929494637,0,0.0,242.05655966214246,True
E1,2000-02-03 22:15:00,False,0.0,0.0,0.0,0.1,0.1,0.9746671075424406,0,0.0,192.74236655745923,True
E1,2000-02-03 22:30:00,False,0.0,0.0,0.0,0.1,0.1,0.9742088290858835,0,0.0,181.9438890719287,True
E1,2000-02-03 22:45:00,False,0.0,0.0,0.0,0.1,0.1,0.9721283560717321,0,0.0,167.72912549835172,True
E1,2000-02-03 23:00:00,False,0.0,0.0,0.0,0.1,0.1,0.9735703030556934,0,0.0,161.61097154832584,True
E1,2000-02-03 23:15:00,False,0.0,0.0,0.0,0.1,0.1,0.9788047824224327,0,0.0,113.52285890678404,True
E1,2000-02-03 23:30:00,False,0.0,0.0,0.0,0.1,0.1,0.9865420830503611,0,0.0,80.81002753885281,True
E1,2000-02-03 23:45:00,False,0.0,0.0,0.0,0.1,0.1,0.9803948805675421,0,0.0,61.61097589002651,True
E2,2000-02-03 00:00:00,False,0.0,0.0,0.0,0.1,0.1,0.9788903034381948,0,0.0,80.1502954281521,True
E2,2000-02-03 00:15:00,False,0.0,0.0,0.0,0.1,0.1,0.9843822901708302,0,0.0,68.05741930803988,True
E2,2000-02-03 00:30:00,False,0.0,0.0,0.0,0.1,0.1,0.989928651020076,0,0.0,61.81268422314279,True
E2,2000-02-03 00:45:00,False,0.0,0.0,0.0,0.1,0.1,0.9922076649660622,0,0.0,57.48627245419202,True
E2,2000-02-03 01:00:00,False,0.0,0.0,0.0,0.1,0.1,0.9936243530515101,0,0.0,46.88974268639967,True
E2,2000-02-03 01:15:00,False,0.0,0.0,0.0,0.1,0.1,0.993224385448584,0,0.0,45.64119386003473,True
E2,2000-02-03 01:30:00,False,0.0,0.0,0.0,0.1,0.1,0.9882183447202253,0,0.0,87.02712720346017,True
E2,2000-02-03 01:45:00,False,0.0,0.0,0.0,0.1,0.1,0.9850464882303674,0,0.0,109.31163263842647,True
E2,2000-02-03 02:00:00,False,0.0,0.0,0.0,0.1,0.1,0.986851511167278,0,0.0,76.58388514810754,True
E2,2000-02-03 02:15:00,False,0.0,0.0,0.0,0.1,0.1,0.9827684851327854,0,0.0,73.43849301677952,True
E2,2000-02-03 02:30:00,False,0.0,0.0,0.0,0.1,0.1,0.9857616814239496,0,0.0,80.81261012776952,True
E2,2000-02-03 02:45:00,False,0.0,0.0,0.0,0.1,0.1,0.9836217176137962,0,0.0,107.56693370604408,True
E2,2000-02-03 03:00:00,False,0.0,0.0,0.0,0.1,0.1,0.98282795996597,0,0.0,76.51899987401234,True
E2,2000-02-03 03:15:00,False,0.0,0.0,0.0,0.1,0.1,0.987696187164623,0,0.0,71.00582829508318,True
E2,2000-02-03 03:30:00,False,0.0,0.0,0.0,0.1,0.1,0.9889837982561479,0,0.0,50.68244696592461,True
E2,2000-02-03 03:45:00,False,0.0,0.0,0.0,0.1,0.1,0.9896181913746525,0,0.0,57.28168969236292,True
E2,2000-02-03 04:00:00,False,0.0,0.0,0.0,0.1,0.1,0.9915450431473879,0,0.0,54.03353079549467,True
E2,2000-02-03 04:15:00,False,0.0,0.0,0.0,0.1,0.1,0.9937700153088089,0,0.0,45.37969086868232,True
E2,2000-02-03 04:30:00,False,0.0,0.0,0.0,0.1,0.1,0.9948578410238537,0,0.0,46.52640943962694,True
E2,2000-02-03 04:45:00,False,0.0,0.0,0.0,0.1,0.1,0.9942238357271291,0,0.0,42.547150885541726,True
E2,2000-02-03 05:00:00,False,0.0,0.0,0.0,0.1,0.1,0.9948769353443067,0,0.0,40.411231209091405,True
E2,2000-02-03 05:15:00,False,0.0,0.0,0.0,0.1,0.1,0.9961519487070264,0,0.0,31.794628900001733,True
E2,2000-02-03 05:30:00,False,0.0,0.0,0.0,0.1,0.1,0.994884280483446,0,0.0,38.42876562220398,True
E2,2000-02-03 05:45:00,False,0.0,0.0,0.0,0.1,0.1,0.9951395332165289,0,0.0,36.04220563229954,True
E2,2000-02-03 06:00:00,False,0.0,0.0,0.0,0.1,0.1,0.988180436282675,0,0.0,93.18057016838188,True
E2,2000-02-03 06:15:00,False,0.0,0.0,0.25497747981131047,0.1,0.10122585326832362,0.9815322824432057,0,0.0,129.99862105187665,True
E2,2000-02-03 06:30:00,False,0.0,0.0,3.8603736321599085,0.1,0.11020914723896157,0.9808374933545105,0,0.0,138.08221206136872,True
E2,2000-02-03 06:45:00,False,0.0,0.0,4.358175887373417,0.1,0.12713364909106376,0.9728552166568551,0,0.0,133.54078394968428,True
E2,2000-02-03 07:00:00,False,0.0,0.0,4.91920046653931,0.1,0.1378136259379048,0.9748574045762654,0,0.0,165.91393655759722,True
E2,2000-02-03 07:15:00,False,0.0,0.0,4.262934885318645,0.1,0.1584920811893185,0.9713169893611077,0,0.0,183.1678189029886,True
E2,2000-02-03 07:30:00,False,0.0,0.0,0.0,0.1,0.1584920811893185,0.9714131367226998,0,0.0,170.76948742314758,True
E2,2000-02-03 07:45:00,False,0.0,0.0,0.0,0.1,0.1584920811893185,0.9751744873122528,0,0.0,150.6945768258221,True
E2,2000-02-03 08:00:00,False,0.0,0.0,0.0,0.1,0.1584920811893185,0.9740905117983892,0,0.0,145.94926288121158,True
E2,2000-02-03 08:15:00,False,0.0,0.0,0.0,0.1,0.1584920811893185,0.9751984410177361,0,0.0,132.71095181372482,True
E2,2000-02-03 08:30:00,False,0.0,0.0,15.894086056076011,0.1,0.1584920811893185,0.9791776436329181,0,0.0,99.22674507409756,True
E2,2000-02-03 08:45:00,False,0.0,0.0,49.4308856496393,0.10551089430721795,0.1736338552670098,0.97990867427339,0,0.0,92.78808995686161,True
E2,2000-02-03 09:00:00,False,0.0,0.0,50.55602163499333,0.10551089430721795,0.22301308895484304,0.9758916038199451,0,0.0,88.96739045870605,True
E2,2000-02-03 09:15:00,False,0.0,0.0,64.53403656277615,0.10551089430721795,0.29068929907555535,0.9758943214551233,0,0.0,74.38568856713034,True
E2,2000-02-03 09:30:00,False,0.0,0.0,66.70991070229287,0.1273286121842005,0.34982946550574917,0.9808333534562178,0,0.0,52.79975667960879,True
E2,2000-02-03 09:45:00,False,0.0,0.0,85.81637902372003,0.12968763704835998,0.4112603552292094,0.9859634229826657,0,0.0,33.62440623940355,True
E2,2000-02-03 10:00:00,False,0.0,0.0,107.31438931202243,0.1783719039742322,0.4814394663668315,0.9839081894648828,0,0.0,40.51996624901055,True
E2,2000-02-03 10:15:00,False,0.0,0.0,121.0441575281194,0.2555829383414676,0.559440928684119,0.9809807139176114,0,0.0,43.22811820429329,True
E2,2000-02-03 10:30:00,False,0.0,0.0,117.63029234662048,0.32678716132601726,0.6339433371458533,0.9834111443369393,0,0.0,42.30937956214164,True
E2,2000-02-03 10:45:00,False,0.0,0.0,117.63647368279979,0.40813502456897466,0.706553400544993,0.9842307831407581,0,0.0,41.036613995779625,True
E2,2000-02-03 11:00:00,False,0.0,0.0,134.19073949571586,0.4821287387708929,0.8010570339005539,0.9841686993008423,0,0.0,35.45796460992978,True
E2,2000-02-03 11:15:00,False,0.0,0.0,131.11236847163133,0.5510782449653987,0.8846070958142608,0.9805737419243324,0,0.0,33.72506454827939,True
E2,2000-02-03 11:30:00,False,0.0,0.0,78.64302316909416,0.623201818895365,0.9,0.9823700314030416,0,0.0,-17.772583151943078,True
E2,2000-02-03 11:45:00,False,0.0,0.0,57.0807313526016,0.7048132702396063,0.9,0.9865268390073174,0,0.0,-49.06789892670083,True
E2,2000-02-03 12:00:00,False,0.0,0.0,57.32182397933974,0.7831329676428396,0.9,0.9887651266655911,0,0.0,-62.540926655811234,True
E2,2000-02-03 12:15:00,False,0.0,0.0,17.533359768233986,0.8550723514479837,0.9000000000000001,0.9884392636079156,0,0.0,-90.1722237485414,True
E2,2000-02-03 12:30:00,False,0.0,0.0,2.695658913120987,0.9,0.9000000000000001,0.9878277508472318,0,0.0,-99.79667317990071,True
E2,2000-02-03 12:45:00,False,0.0,0.0,0.0,0.9,0.9000000000000001,0.9885463783614841,0,0.0,-102.13754277685028,True
E2,2000-02-03 13:00:00,False,0.0,0.0,0.0,0.9,0.9000000000000001,0.983233568611892,0,0.0,-27.051394777996897,True
E2,2000-02-03 13:15:00,False,0.0,0.0,0.0,0.9,0.9000000000000001,0.9865067592273623,0,0.0,-68.9185440870459,True
E2,2000-02-03 13:30:00,False,0.0,0.0,0.0,0.9,0.9000000000000001,0.9764213756819131,0,0.0,-29.797762110614467,True
E2,2000-02-03 13:45:00,False,0.0,0.0,0.0,0.9,0.9000000000000001,0.9823655157424095,0,0.0,-19.119491610587012,True
E2,2000-02-03 14:00:00,False,0.0,0.0,0.0,0.9,0.9000000000000001,0.9756903514577017,0,0.0,55.11616639471484,True
E2,2000-02-03 14:15:00,False,0.0,0.0,0.0,0.9,0.9000000000000001,0.9745551901856053,0,0.0,71.92107410501936,True
E2,2000-02-03 14:30:00,False,0.0,0.0,0.0,0.9,0.9000000000000001,0.9818947518543326,0,0.0,13.01898969629578,True
E2,2000-02-03 14:45:00,False,0.0,0.0,0.0,0.9,0.9000000000000001,0.9738443198012308,0,0.0,25.146257340682432,True
E2,2000-02-03 15:00:00,False,0.0,0.0,0.0,0.9,0.9000000000000001,0.9742614344500077,0,0.0,30.12328716532342,True
E2,2000-02-03 15:15:00,False,0.0,0.0,0.0,0.9,0.9000000000000001,0.9722950046545478,0,0.0,53.31795682383511,True
E2,2000-02-03 15:30:00,False,0.0,0.0,0.0,0.9,0.9000000000000001,0.9828941573186352,0,0.0,12.349185329612489,True
E2,2000-02-03 15:45:00,False,0.0,0.0,0.0,0.9,0.9000000000000001,0.9878410777749586,0,0.0,23.90692071656675,True
E2,2000-02-03 16:00:00,False,0.0,0.0,0.0,0.9,0.9000000000000001,0.9860648735711032,0,0.0,33.663977839338834,True
E2,2000-02-03 16:15:00,False,0.0,0.0,0.0,0.9,0.9000000000000001,0.9836644608100649,0,0.0,60.49984557443921,True
E2,2000-02-03 16:30:00,False,0.0,0.0,0.0,0.9,0.9000000000000001,0.9835388817534145,0,0.0,80.71341864985659,True
E2,2000-02-03 16:45:00,False,0.0,0.0,0.0,0.9,0.9000000000000001,0.9795156832915385,0,0.0,122.3063821348167,True
E2,2000-02-03 17:00:00,False,0.0,0.0,0.0,0.9,0.9000000000000001,0.9781001061693549,0,0.0,147.86396859147132,True
E2,2000-02-03 17:15:00,False,0.0,0.0,0.0,0.9,0.9000000000000001,0.9777547019110312,0,0.0,167.21348740819587,True
E2,2000-02-03 17:30:00,False,0.0,0.0,0.0,0.9,0.9000000000000001,0.9806655474895257,0,0.0,123.54846772755978,True
E2,2000-02-03 17:45:00,False,0.0,0.0,0.0,0.9,0.9000000000000001,0.9812811355424512,0,0.0,139.6228563181121,True
E2,2000-02-03 18:00:00,True,69.70169037937218,36.1,0.0,0.85,0.9000000000000001,0.9811618453940392,17,47.76904378216286,65.72267938468235,True
E2,2000-02-03 18:15:00,True,61.24006147571442,22.502641625581635,0.0,0.8188329063357596,0.9000000000000001,0.9840656147388858,17,49.34707772809529,56.052087734111524,True
E2,2000-02-03 18:30:00,True,64.8131284731621,37.071239883887024,0.0,0.7674876987403481,0.9000000000000001,0.9839222803671004,17,32.96232763008669,72.24545364829726,True
E2,2000-02-03 18:45:00,True,66.30900032433186,37.071239883887024,0.0,0.7161424911449367,0.9000000000000001,0.9799592204935086,17,33.30928455852007,86.72121217247076,True
E2,2000-02-03 19:00:00,False,64.08101906347068,64.08101906347068,0.0,0.6647972835495253,0.8909238902345327,0.9782964579934705,0,0.0,121.83887536532656,True
E2,2000-02-03 19:15:00,False,67.93133782802967,67.93133782802967,0.0,0.6134520759541139,0.8648475908433905,0.9775428800103508,0,0.0,117.96089462466442,True
E2,2000-02-03 19:30:00,False,77.17510496402076,77.17510496402076,0.0,0.5621068683587026,0.8194911405801467,0.9722283512005339,0,0.0,144.99465241224607,True
E2,2000-02-03 19:45:00,False,80.63832534197277,80.63832534197277,0.0,0.5107616607632912,0.7952866031604204,0.9697586537712284,0,0.0,160.1294905791717,True
E2,2000-02-03 20:00:00,False,93.0226364261438,93.0226364261438,0.0,0.45941645316787977,0.7083757777653679,0.9683051886851916,0,0.0,172.75662363333134,True
E2,2000-02-03 20:15:00,False,93.02263642614379,93.02263642614379,0.0,0.4080712455724684,0.6214649523703153,0.9718977450530151,0,0.0,157.82877093342296,True
E2,2000-02-03 20:30:00,False,93.02263642614379,93.02263642614379,0.0,0.35672603797705704,0.5345541269752627,0.9730986314056114,0,0.0,160.9775662027,True
E2,2000-02-03 20:45:00,False,93.02263642614379,93.02263642614379,0.0,0.30538083038164565,0.4476433015802102,0.9724527337093191,0,0.0,153.82082217055836,True
E2,2000-02-03 21:00:00,False,93.02263642614382,93.02263642614382,0.0,0.25403562278623426,0.3607324761851577,0.9721279793391522,0,0.0,158.20388392585394,True
E2,2000-02-03 21:15:00,False,93.02263642614383,93.02263642614383,0.0,0.2026904151908228,0.27382165079010506,0.9721024322325753,0,0.0,154.83436948322083,True
E2,2000-02-03 21:30:00,False,93.0226364261438,93.0226364261438,0.0,0.1513452075954114,0.18691082539505255,0.9707406656634912,0,0.0,166.74223243058805,True
E2,2000-02-03 21:45:00,False,93.0226364261438,93.0226364261438,0.0,0.1,0.1,0.9721258746556876,0,0.0,162.2702043069131,True
E2,2000-02-03 22:00:00,False,0.0,0.0,0.0,0.1,0.1,0.9714772929494637,0,0.0,242.05655966214246,True
E2,2000-02-03 22:15:00,False,0.0,0.0,0.0,0.1,0.1,0.9746671075424406,0,0.0,192.74236655745923,True
E2,2000-02-03 22:30:00,False,0.0,0.0,0.0,0.1,0.1,0.9742088290858835,0,0.0,181.9438890719287,True
E2,2000-02-03 22:45:00,False,0.0,0.0,0.0,0.1,0.1,0.9721283560717321,0,0.0,167.72912549835172,True
E2,2000-02-03 23:00:00,False,0.0,0.0,0.0,0.1,0.1,0.9735703030556934,0,0.0,161.61097154832584,True
E2,2000-02-03 23:15:00,False,0.0,0.0,0.0,0.1,0.1,0.9788047824224327,0,0.0,113.52285890678404,True
E2,2000-02-03 23:30:00,False,0.0,0.0,0.0,0.1,0.1,0.9865420830503611,0,0.0,80.81002753885281,True
E2,2000-02-03 23:45:00,False,0.0,0.0,0.0,0.1,0.1,0.9803948805675421,0,0.0,61.61097589002651,True
